,agent,step,test_id,avg_reward,std_reward
0,ia2c,720,-1,-717.3097222222223,325.87231636354915
1,ia2c,1440,-1,-764.5291666666667,344.03590209029545
2,ia2c,2160,-1,-652.725,259.1291118288762
3,ia2c,2880,-1,-730.4541666666667,321.2364707213796
4,ia2c,3600,-1,-676.6194444444444,265.97525398620206
5,ia2c,4320,-1,-670.8527777777778,251.17810854950352
6,ia2c,5040,-1,-734.1972222222222,302.8442302076461
7,ia2c,5760,-1,-714.5097222222222,300.07333347205974
8,ia2c,6480,-1,-745.1597222222222,326.01710212456743
9,ia2c,7200,-1,-656.4847222222222,252.08329705769557
10,ia2c,7920,-1,-701.8694444444444,282.80492326321615
11,ia2c,8640,-1,-784.2583333333333,333.3456371687568
12,ia2c,9360,-1,-702.5611111111111,278.12124482136863
13,ia2c,10080,-1,-737.0222222222222,307.1691572616618
14,ia2c,10800,-1,-718.1736111111111,282.1659659831109
15,ia2c,11520,-1,-741.4833333333333,325.0374247682873
16,ia2c,12240,-1,-747.7236111111112,335.114532657226
17,ia2c,12960,-1,-779.2375,327.1041806254376
18,ia2c,13680,-1,-665.7652777777778,261.3009262749466
19,ia2c,14400,-1,-697.3194444444445,287.60995609355354
20,ia2c,15120,-1,-705.3416666666667,297.1062332221329
21,ia2c,15840,-1,-678.8319444444444,290.5165960675286
22,ia2c,16560,-1,-750.8263888888889,330.2716796202516
23,ia2c,17280,-1,-657.4625,250.48233744423533
24,ia2c,18000,-1,-638.9375,255.32181269565365
25,ia2c,18720,-1,-695.7388888888889,280.00161435822093
26,ia2c,19440,-1,-711.1125,298.0736669933477
27,ia2c,20160,-1,-748.6569444444444,310.3438063603318
28,ia2c,20880,-1,-688.8583333333333,280.245848294156
29,ia2c,21600,-1,-683.2416666666667,290.98802464381777
30,ia2c,22320,-1,-703.1263888888889,290.9451062643641
31,ia2c,23040,-1,-769.7708333333334,345.74863458294703
32,ia2c,23760,-1,-685.4194444444445,272.3356061914992
33,ia2c,24480,-1,-684.6291666666667,267.718176829406
34,ia2c,25200,-1,-662.4819444444445,262.81944521878137
35,ia2c,25920,-1,-743.8361111111111,321.7375108970197
36,ia2c,26640,-1,-707.8597222222222,295.0505155240945
37,ia2c,27360,-1,-693.5125,283.68941322700664
38,ia2c,28080,-1,-638.0777777777778,245.8758823190531
39,ia2c,28800,-1,-648.9027777777778,254.67040571656437
40,ia2c,29520,-1,-730.7444444444444,308.17306865933887
41,ia2c,30240,-1,-765.7791666666667,332.2198734094552
42,ia2c,30960,-1,-624.0361111111112,234.7365635165157
43,ia2c,31680,-1,-643.8791666666667,244.95245708634747
44,ia2c,32400,-1,-665.9375,277.19886610794026
45,ia2c,33120,-1,-684.2611111111111,276.3934265959162
46,ia2c,33840,-1,-683.6305555555556,270.9546798097469
47,ia2c,34560,-1,-686.3611111111111,273.76064695457535
48,ia2c,35280,-1,-639.5722222222222,248.23091916277284
49,ia2c,36000,-1,-725.3180555555556,297.53062906119845
50,ia2c,36720,-1,-664.3847222222222,273.57974267098587
51,ia2c,37440,-1,-648.2958333333333,256.33160485844417
52,ia2c,38160,-1,-724.0291666666667,292.81597460288754
53,ia2c,38880,-1,-721.4861111111111,314.4767918064488
54,ia2c,39600,-1,-703.9263888888889,285.02146872991847
55,ia2c,40320,-1,-665.2375,247.8693887343247
56,ia2c,41040,-1,-676.1430555555555,290.71683498934
57,ia2c,41760,-1,-663.1819444444444,258.3024098837924
58,ia2c,42480,-1,-644.6388888888889,231.72163649730177
59,ia2c,43200,-1,-649.3819444444445,243.0675145272222
60,ia2c,43920,-1,-728.7361111111111,307.6162830294855
61,ia2c,44640,-1,-693.8611111111111,269.6905791599965
62,ia2c,45360,-1,-651.0208333333334,256.6194618049912
63,ia2c,46080,-1,-676.4986111111111,249.44282911735704
64,ia2c,46800,-1,-689.775,276.7611925619872
65,ia2c,47520,-1,-667.4875,260.9807141860933
66,ia2c,48240,-1,-709.0527777777778,282.84331644737625
67,ia2c,48960,-1,-708.7263888888889,303.64437600819207
68,ia2c,49680,-1,-659.3888888888889,266.55316102856665
69,ia2c,50400,-1,-686.2958333333333,274.9209785139783
70,ia2c,51120,-1,-669.3875,277.5873508352821
71,ia2c,51840,-1,-740.6708333333333,326.43952346895577
72,ia2c,52560,-1,-715.9430555555556,316.85748344150846
73,ia2c,53280,-1,-670.1986111111111,272.1382017126672
74,ia2c,54000,-1,-683.5,266.70114360459723
75,ia2c,54720,-1,-672.7833333333333,264.9827358108029
76,ia2c,55440,-1,-626.6305555555556,243.81485384456565
77,ia2c,56160,-1,-729.1805555555555,299.1045073023478
78,ia2c,56880,-1,-729.8944444444444,304.60646737903613
79,ia2c,57600,-1,-694.925,263.710210137104
80,ia2c,58320,-1,-690.4625,280.0614292424174
81,ia2c,59040,-1,-706.1347222222222,294.68584951686836
82,ia2c,59760,-1,-669.0097222222222,269.02342146059937
83,ia2c,60480,-1,-686.3375,296.04600099454325
84,ia2c,61200,-1,-623.2861111111112,233.35064537298294
85,ia2c,61920,-1,-666.3736111111111,257.2411765537113
86,ia2c,62640,-1,-707.5763888888889,300.194260712522
87,ia2c,63360,-1,-702.8875,286.48678922300337
88,ia2c,64080,-1,-707.9625,296.72887453471543
89,ia2c,64800,-1,-664.4333333333333,270.76846607798
90,ia2c,65520,-1,-650.1736111111111,258.1927501849558
91,ia2c,66240,-1,-726.0861111111111,308.12653123602195
92,ia2c,66960,-1,-640.8347222222222,246.45015647733038
93,ia2c,67680,-1,-659.6375,273.8960832634949
94,ia2c,68400,-1,-707.3777777777777,293.43632482771295
95,ia2c,69120,-1,-690.2444444444444,273.25296831207163
96,ia2c,69840,-1,-648.1458333333334,247.1789772375362
97,ia2c,70560,-1,-662.3180555555556,261.426541002752
98,ia2c,71280,-1,-699.3986111111111,277.11471400900604
99,ia2c,72000,-1,-698.0666666666667,283.31397678978783
100,ia2c,72720,-1,-732.1611111111112,287.98549662341003
101,ia2c,73440,-1,-660.1375,273.7927373729888
102,ia2c,74160,-1,-657.9388888888889,286.3209769140006
103,ia2c,74880,-1,-668.4763888888889,249.74687629736877
104,ia2c,75600,-1,-686.8291666666667,286.88993724728306
105,ia2c,76320,-1,-683.0819444444444,273.39592313183465
106,ia2c,77040,-1,-656.2083333333334,263.87737248262374
107,ia2c,77760,-1,-678.5125,281.15822425455065
108,ia2c,78480,-1,-675.0138888888889,275.94072899485116
109,ia2c,79200,-1,-658.975,255.74976254469263
110,ia2c,79920,-1,-679.9652777777778,276.20064197554035
111,ia2c,80640,-1,-690.4875,294.26002269227996
112,ia2c,81360,-1,-619.3888888888889,247.37112556931962
113,ia2c,82080,-1,-690.3652777777778,284.9358625003383
114,ia2c,82800,-1,-660.6291666666667,260.2119808591428
115,ia2c,83520,-1,-678.1277777777777,266.7955736463481
116,ia2c,84240,-1,-661.1888888888889,259.81584907795514
117,ia2c,84960,-1,-695.4805555555556,273.3189115295379
118,ia2c,85680,-1,-693.9708333333333,298.8406356876428
119,ia2c,86400,-1,-704.1986111111111,311.2670445993706
120,ia2c,87120,-1,-697.0472222222222,283.4792722053267
121,ia2c,87840,-1,-666.5833333333334,274.7545141677486
122,ia2c,88560,-1,-687.1638888888889,296.47993810035047
123,ia2c,89280,-1,-687.5583333333333,283.51608701663156
124,ia2c,90000,-1,-711.2041666666667,312.046993851131
125,ia2c,90720,-1,-705.5388888888889,284.3847377114494
126,ia2c,91440,-1,-647.2458333333333,250.017964597602
127,ia2c,92160,-1,-638.9166666666666,255.98324869239218
128,ia2c,92880,-1,-639.1222222222223,252.48113033024765
129,ia2c,93600,-1,-699.7791666666667,288.3492141279293
130,ia2c,94320,-1,-664.8875,269.3603737650754
131,ia2c,95040,-1,-690.1194444444444,289.52936362257174
132,ia2c,95760,-1,-623.775,232.78136365243864
133,ia2c,96480,-1,-609.475,231.14800919060016
134,ia2c,97200,-1,-697.2541666666667,309.05377203719206
135,ia2c,97920,-1,-629.8722222222223,238.68580068914298
136,ia2c,98640,-1,-646.7972222222222,265.2358656681415
137,ia2c,99360,-1,-719.9208333333333,312.56803367760324
138,ia2c,100080,-1,-595.225,210.06710419265767
139,ia2c,100800,-1,-646.1569444444444,252.15606186468733
140,ia2c,101520,-1,-610.4638888888888,242.92142379879155
141,ia2c,102240,-1,-678.9694444444444,289.7546791103778
142,ia2c,102960,-1,-609.6,242.48465243529674
143,ia2c,103680,-1,-692.6513888888888,300.6912949507885
144,ia2c,104400,-1,-645.1986111111111,261.2848450941018
145,ia2c,105120,-1,-658.8597222222222,253.77507766596642
146,ia2c,105840,-1,-649.6930555555556,246.22352978227195
147,ia2c,106560,-1,-691.6013888888889,281.86349286344637
148,ia2c,107280,-1,-647.4625,241.73768780407642
149,ia2c,108000,-1,-658.1194444444444,265.69158636727286
150,ia2c,108720,-1,-624.075,236.40111260665984
151,ia2c,109440,-1,-703.4472222222222,286.2163953939116
152,ia2c,110160,-1,-650.0277777777778,258.6994594882374
153,ia2c,110880,-1,-640.8652777777778,269.41625149969155
154,ia2c,111600,-1,-615.8833333333333,242.13175419363915
155,ia2c,112320,-1,-665.8972222222222,261.87243606393884
156,ia2c,113040,-1,-606.8097222222223,219.1269195008291
157,ia2c,113760,-1,-665.3388888888888,270.2059176481869
158,ia2c,114480,-1,-682.7416666666667,280.0313175690256
159,ia2c,115200,-1,-636.5902777777778,246.02315872230525
160,ia2c,115920,-1,-658.475,259.0527336652606
161,ia2c,116640,-1,-682.6972222222222,286.6498444542004
162,ia2c,117360,-1,-616.9541666666667,227.08431953149764
163,ia2c,118080,-1,-677.4097222222222,271.37285781933673
164,ia2c,118800,-1,-693.4388888888889,308.23555952277957
165,ia2c,119520,-1,-659.7069444444444,269.37316940671565
166,ia2c,120240,-1,-651.1555555555556,273.86156422182484
167,ia2c,120960,-1,-687.0097222222222,278.3593124900312
168,ia2c,121680,-1,-670.6569444444444,269.95274346035956
169,ia2c,122400,-1,-628.4180555555556,256.7330519270448
170,ia2c,123120,-1,-608.2875,240.82112854743687
171,ia2c,123840,-1,-667.0833333333334,274.1454677721301
172,ia2c,124560,-1,-622.5847222222222,230.3932050500973
173,ia2c,125280,-1,-612.6972222222222,253.83621686489883
174,ia2c,126000,-1,-643.375,253.7591124526916
175,ia2c,126720,-1,-655.3138888888889,251.40260169781874
176,ia2c,127440,-1,-638.2833333333333,262.9070869887095
177,ia2c,128160,-1,-661.0597222222223,263.03176411463346
178,ia2c,128880,-1,-649.5916666666667,274.7171726167761
179,ia2c,129600,-1,-721.9097222222222,311.3115113960623
180,ia2c,130320,-1,-747.2166666666667,335.13042693189703
181,ia2c,131040,-1,-620.6430555555555,282.41780334500714
182,ia2c,131760,-1,-676.2277777777778,298.5317697695312
183,ia2c,132480,-1,-714.3388888888888,315.4767364884962
184,ia2c,133200,-1,-689.3944444444444,329.3718094464441
185,ia2c,133920,-1,-652.0416666666666,255.31985046538523
186,ia2c,134640,-1,-683.8861111111111,285.71978468887016
187,ia2c,135360,-1,-621.5916666666667,253.10194462903678
188,ia2c,136080,-1,-676.0444444444445,268.23087220241655
189,ia2c,136800,-1,-704.8430555555556,283.07502260707656
190,ia2c,137520,-1,-642.7722222222222,255.3414343918432
191,ia2c,138240,-1,-737.5583333333333,308.60370026855554
192,ia2c,138960,-1,-628.4430555555556,257.93425536493515
193,ia2c,139680,-1,-665.2819444444444,278.98461667386533
194,ia2c,140400,-1,-691.0305555555556,283.16633148836786
195,ia2c,141120,-1,-598.6527777777778,229.50032435962444
196,ia2c,141840,-1,-665.8055555555555,285.02110247843876
197,ia2c,142560,-1,-669.7416666666667,265.6035264522836
198,ia2c,143280,-1,-698.7916666666666,284.2585940018153
199,ia2c,144000,-1,-633.4541666666667,263.14260098824957
200,ia2c,144720,-1,-665.8347222222222,283.7842229287178
201,ia2c,145440,-1,-650.0069444444445,255.6378921369427
202,ia2c,146160,-1,-629.0027777777777,258.8698782809094
203,ia2c,146880,-1,-688.4263888888889,289.3382538430753
204,ia2c,147600,-1,-669.7583333333333,271.69645529422064
205,ia2c,148320,-1,-668.7527777777777,287.03340880472734
206,ia2c,149040,-1,-666.0222222222222,272.6932180543541
207,ia2c,149760,-1,-630.8708333333333,262.10552631923525
208,ia2c,150480,-1,-586.4,220.49475554357798
209,ia2c,151200,-1,-655.4652777777778,276.43091143062725
210,ia2c,151920,-1,-585.5819444444444,231.68532048783857
211,ia2c,152640,-1,-607.7138888888888,236.27793503600063
212,ia2c,153360,-1,-666.6861111111111,281.99667320021285
213,ia2c,154080,-1,-628.65,256.9922496669673
214,ia2c,154800,-1,-597.2291666666666,246.99671384313103
215,ia2c,155520,-1,-632.1527777777778,270.36036957499596
216,ia2c,156240,-1,-647.3097222222223,272.0742033484627
217,ia2c,156960,-1,-688.4861111111111,289.92392168059246
218,ia2c,157680,-1,-660.4430555555556,278.044160324693
219,ia2c,158400,-1,-650.3666666666667,282.0223326460355
220,ia2c,159120,-1,-688.3944444444444,283.73245902164444
221,ia2c,159840,-1,-641.9319444444444,273.4553022211963
222,ia2c,160560,-1,-661.45,258.03073729478217
223,ia2c,161280,-1,-647.5666666666667,263.80322738317244
224,ia2c,162000,-1,-657.5486111111111,272.48990373399135
225,ia2c,162720,-1,-668.4361111111111,273.47039008189387
226,ia2c,163440,-1,-675.25,276.69658723751706
227,ia2c,164160,-1,-610.25,219.92595660560144
228,ia2c,164880,-1,-666.9666666666667,266.96716194235495
229,ia2c,165600,-1,-706.4291666666667,270.217577938748
230,ia2c,166320,-1,-671.3597222222222,289.93173964828065
231,ia2c,167040,-1,-735.9027777777778,308.15063775342
232,ia2c,167760,-1,-723.5013888888889,299.46870082839837
233,ia2c,168480,-1,-658.6541666666667,261.71206848021825
234,ia2c,169200,-1,-642.8638888888889,242.4443425851451
235,ia2c,169920,-1,-677.7527777777777,276.4236633484019
236,ia2c,170640,-1,-675.8680555555555,265.0834419607809
237,ia2c,171360,-1,-704.7291666666666,306.93948052484404
238,ia2c,172080,-1,-684.5916666666667,280.26715912876966
239,ia2c,172800,-1,-629.5277777777778,263.3791664872265
240,ia2c,173520,-1,-659.1486111111111,259.4738830215735
241,ia2c,174240,-1,-662.025,276.6684878203114
242,ia2c,174960,-1,-614.3833333333333,220.7562009950746
243,ia2c,175680,-1,-657.0611111111111,265.28520635323133
244,ia2c,176400,-1,-723.6333333333333,309.5825800798373
245,ia2c,177120,-1,-679.4125,272.30703791732145
246,ia2c,177840,-1,-716.7541666666667,307.0165926738868
247,ia2c,178560,-1,-605.6027777777778,238.53330886215534
248,ia2c,179280,-1,-664.9722222222222,280.6756170495985
249,ia2c,180000,-1,-689.1083333333333,287.55999265370696
250,ia2c,180720,-1,-685.0055555555556,281.6111285920952
251,ia2c,181440,-1,-666.2138888888888,275.77234738979274
252,ia2c,182160,-1,-578.6486111111111,219.66334120716002
253,ia2c,182880,-1,-656.2916666666666,273.26103401021766
254,ia2c,183600,-1,-650.6875,245.72280195233319
255,ia2c,184320,-1,-651.1583333333333,272.3468018650322
256,ia2c,185040,-1,-646.8805555555556,251.67920423454896
257,ia2c,185760,-1,-662.7625,276.07694777679285
258,ia2c,186480,-1,-702.2527777777777,294.92609713292876
259,ia2c,187200,-1,-686.3,282.88597820794627
260,ia2c,187920,-1,-673.3875,266.09606370919465
261,ia2c,188640,-1,-673.9875,257.18187168136046
262,ia2c,189360,-1,-617.5986111111112,228.59399051171707
263,ia2c,190080,-1,-704.4527777777778,283.4761169502165
264,ia2c,190800,-1,-668.0736111111111,269.84135024793096
265,ia2c,191520,-1,-647.6083333333333,248.83561494265422
266,ia2c,192240,-1,-755.8041666666667,325.45962240494936
267,ia2c,192960,-1,-650.3777777777777,258.07057939760836
268,ia2c,193680,-1,-637.0527777777778,250.67252872812094
269,ia2c,194400,-1,-705.3125,285.28220601007035
270,ia2c,195120,-1,-666.8708333333333,264.2906569887172
271,ia2c,195840,-1,-710.5652777777777,301.6798176966407
272,ia2c,196560,-1,-707.0083333333333,281.1549591269318
273,ia2c,197280,-1,-669.1625,272.8079146871883
274,ia2c,198000,-1,-682.2236111111112,263.3837003483361
275,ia2c,198720,-1,-688.6916666666667,283.9224159235915
276,ia2c,199440,-1,-761.3777777777777,326.2787731978686
277,ia2c,200160,-1,-724.5763888888889,295.3769291529871
278,ia2c,200880,-1,-754.6263888888889,305.3471169073429
279,ia2c,201600,-1,-762.2916666666666,324.6704028489679
280,ia2c,202320,-1,-735.1652777777778,307.59488448450173
281,ia2c,203040,-1,-691.1027777777778,276.5216195949153
282,ia2c,203760,-1,-747.6055555555556,311.83278099402753
283,ia2c,204480,-1,-759.4472222222222,315.9205552263198
284,ia2c,205200,-1,-688.9694444444444,273.48585512828066
285,ia2c,205920,-1,-646.475,264.2228319630148
286,ia2c,206640,-1,-756.8652777777778,314.2394343931083
287,ia2c,207360,-1,-718.2847222222222,295.22334443590813
288,ia2c,208080,-1,-648.7611111111111,238.3201654611546
289,ia2c,208800,-1,-760.7569444444445,316.58817111614195
290,ia2c,209520,-1,-679.7972222222222,265.62247226103017
291,ia2c,210240,-1,-738.1305555555556,307.42226598266035
292,ia2c,210960,-1,-736.1,302.58793671335354
293,ia2c,211680,-1,-743.8291666666667,318.8291818589715
294,ia2c,212400,-1,-661.7472222222223,248.00581868858453
295,ia2c,213120,-1,-723.5194444444444,291.47775245714575
296,ia2c,213840,-1,-692.5027777777777,300.77186351314987
297,ia2c,214560,-1,-733.3736111111111,318.3873001781598
298,ia2c,215280,-1,-687.2597222222222,275.9541991787175
299,ia2c,216000,-1,-669.0097222222222,265.25325145128454
300,ia2c,216720,-1,-744.8791666666667,317.9790272772631
301,ia2c,217440,-1,-768.9458333333333,332.22936957833315
302,ia2c,218160,-1,-634.4555555555555,240.46692016025412
303,ia2c,218880,-1,-696.3361111111111,280.6214944376715
304,ia2c,219600,-1,-743.2111111111111,324.69973289673317
305,ia2c,220320,-1,-751.1375,324.78824594627974
306,ia2c,221040,-1,-684.5944444444444,280.12546687396707
307,ia2c,221760,-1,-715.1111111111111,295.2180105708866
308,ia2c,222480,-1,-666.2541666666667,264.90266684068234
309,ia2c,223200,-1,-740.2972222222222,320.3443988603091
310,ia2c,223920,-1,-703.5375,271.4835757961858
311,ia2c,224640,-1,-754.825,335.7307617347567
312,ia2c,225360,-1,-732.3388888888888,296.4136545416986
313,ia2c,226080,-1,-672.1472222222222,265.1681133274083
314,ia2c,226800,-1,-737.0194444444444,303.00576573121185
315,ia2c,227520,-1,-729.8208333333333,301.86040253986243
316,ia2c,228240,-1,-696.1888888888889,277.5236984653321
317,ia2c,228960,-1,-680.4444444444445,262.23365794272996
318,ia2c,229680,-1,-733.8361111111111,294.58659984306615
319,ia2c,230400,-1,-701.6708333333333,274.8972156084989
320,ia2c,231120,-1,-733.5513888888889,302.24251231100993
321,ia2c,231840,-1,-688.4472222222222,265.49899558934425
322,ia2c,232560,-1,-737.2194444444444,298.0002268077478
323,ia2c,233280,-1,-716.2041666666667,278.0217192442486
324,ia2c,234000,-1,-713.8625,295.5905280289216
325,ia2c,234720,-1,-681.1805555555555,257.83283917152005
326,ia2c,235440,-1,-682.9569444444444,271.9584773894664
327,ia2c,236160,-1,-741.8083333333333,315.9098578137265
328,ia2c,236880,-1,-714.9583333333334,279.2167983594668
329,ia2c,237600,-1,-698.7208333333333,285.91728817454066
330,ia2c,238320,-1,-741.3527777777778,313.1455119572219
331,ia2c,239040,-1,-722.0722222222222,278.78194446866246
332,ia2c,239760,-1,-759.9527777777778,301.89908264748846
333,ia2c,240480,-1,-713.5194444444444,286.4589357030704
334,ia2c,241200,-1,-731.1888888888889,283.24850767261853
335,ia2c,241920,-1,-734.0125,298.4679791300438
336,ia2c,242640,-1,-674.4333333333333,266.78567344510003
337,ia2c,243360,-1,-654.7902777777778,259.7821986565125
338,ia2c,244080,-1,-738.5472222222222,289.42839834760815
339,ia2c,244800,-1,-763.3597222222222,308.29681277397196
340,ia2c,245520,-1,-700.5138888888889,275.7869594983073
341,ia2c,246240,-1,-704.8611111111111,274.46233325639275
342,ia2c,246960,-1,-726.6444444444444,277.02477571153213
343,ia2c,247680,-1,-663.6194444444444,273.81349017112245
344,ia2c,248400,-1,-705.9861111111111,277.61251938306003
345,ia2c,249120,-1,-736.6055555555556,303.18150957291834
346,ia2c,249840,-1,-731.9263888888889,281.4150234346732
347,ia2c,250560,-1,-716.4208333333333,280.6365717423614
348,ia2c,251280,-1,-645.2652777777778,219.7639590179795
349,ia2c,252000,-1,-736.3444444444444,307.9471513501812
350,ia2c,252720,-1,-776.3986111111111,327.3105062445613
351,ia2c,253440,-1,-731.1458333333334,288.75116086226484
352,ia2c,254160,-1,-625.8805555555556,238.02385421942301
353,ia2c,254880,-1,-695.6694444444445,275.31276488895764
354,ia2c,255600,-1,-680.2166666666667,259.63145942320284
355,ia2c,256320,-1,-730.1680555555556,287.8416536755297
356,ia2c,257040,-1,-711.5416666666666,276.78115791180585
357,ia2c,257760,-1,-703.8694444444444,271.8589292256029
358,ia2c,258480,-1,-714.0569444444444,299.6222173775155
359,ia2c,259200,-1,-752.1458333333334,306.5523375821547
360,ia2c,259920,-1,-661.1277777777777,259.6915377596094
361,ia2c,260640,-1,-737.5847222222222,295.92433068068556
362,ia2c,261360,-1,-736.2194444444444,301.43644375210107
363,ia2c,262080,-1,-739.4861111111111,302.5077865414539
364,ia2c,262800,-1,-731.9430555555556,288.3801952893229
365,ia2c,263520,-1,-789.5625,337.8882934810376
366,ia2c,264240,-1,-700.1763888888889,273.318456400555
367,ia2c,264960,-1,-696.8388888888888,273.24733736405045
368,ia2c,265680,-1,-714.3277777777778,287.6582623445079
369,ia2c,266400,-1,-753.8541666666666,294.9009572144048
370,ia2c,267120,-1,-783.3125,319.5545395275099
371,ia2c,267840,-1,-708.0944444444444,273.1970991228417
372,ia2c,268560,-1,-746.1986111111111,309.94443632558097
373,ia2c,269280,-1,-644.2569444444445,247.63630215745658
374,ia2c,270000,-1,-662.1069444444445,288.6275396050096
375,ia2c,270720,-1,-729.4763888888889,319.0353463494182
376,ia2c,271440,-1,-655.8902777777778,271.5448150345446
377,ia2c,272160,-1,-691.0791666666667,269.4287539496502
378,ia2c,272880,-1,-718.6013888888889,289.81426666873676
379,ia2c,273600,-1,-757.7388888888889,333.8628479861635
380,ia2c,274320,-1,-710.6736111111111,304.66206300909846
381,ia2c,275040,-1,-636.0958333333333,246.95617128995673
382,ia2c,275760,-1,-671.1847222222223,278.59982858719013
383,ia2c,276480,-1,-778.1361111111111,321.82440575635667
384,ia2c,277200,-1,-629.2013888888889,241.76909265813455
385,ia2c,277920,-1,-689.9680555555556,282.7528324479354
386,ia2c,278640,-1,-701.5347222222222,283.0119185062522
387,ia2c,279360,-1,-671.4388888888889,312.639354064514
388,ia2c,280080,-1,-649.1666666666666,280.5608420844062
389,ia2c,280800,-1,-703.5472222222222,295.25844703892807
390,ia2c,281520,-1,-709.0861111111111,271.9936443832402
391,ia2c,282240,-1,-727.9138888888889,304.4920877030558
392,ia2c,282960,-1,-726.7125,299.61865922345544
393,ia2c,283680,-1,-648.0763888888889,274.0793498205784
394,ia2c,284400,-1,-740.8083333333333,311.2127388450615
395,ia2c,285120,-1,-699.4222222222222,305.3681604147062
396,ia2c,285840,-1,-713.5930555555556,297.1909406922635
397,ia2c,286560,-1,-724.1263888888889,292.3765302050383
398,ia2c,287280,-1,-724.8833333333333,290.8833056399078
399,ia2c,288000,-1,-714.2875,298.53791283404115
400,ia2c,288720,-1,-653.1125,285.04270607786907
401,ia2c,289440,-1,-720.4652777777778,302.80651856136814
402,ia2c,290160,-1,-681.1583333333333,269.929213843391
403,ia2c,290880,-1,-691.8833333333333,290.72839128643767
404,ia2c,291600,-1,-729.1625,304.18093114383055
405,ia2c,292320,-1,-632.3055555555555,246.20258928194846
406,ia2c,293040,-1,-628.975,251.75531427139504
407,ia2c,293760,-1,-739.3791666666667,332.69563477645085
408,ia2c,294480,-1,-693.8763888888889,301.83788418852316
409,ia2c,295200,-1,-624.6277777777777,293.79566369531875
410,ia2c,295920,-1,-611.4111111111112,232.54341981394663
411,ia2c,296640,-1,-697.675,278.7168862992218
412,ia2c,297360,-1,-632.8361111111111,256.4144124619556
413,ia2c,298080,-1,-678.5902777777778,286.3428552257097
414,ia2c,298800,-1,-713.9222222222222,311.5109540709168
415,ia2c,299520,-1,-671.3833333333333,296.0456003726453
416,ia2c,300240,-1,-638.3444444444444,262.3128872214805
417,ia2c,300960,-1,-600.95,243.3074135738572
418,ia2c,301680,-1,-690.1291666666667,287.50580908986285
419,ia2c,302400,-1,-692.8361111111111,312.8101897430753
420,ia2c,303120,-1,-701.9236111111111,290.25196620688007
421,ia2c,303840,-1,-683.9694444444444,274.00637494555207
422,ia2c,304560,-1,-626.5680555555556,248.83092392581491
423,ia2c,305280,-1,-674.6125,293.73588591978904
424,ia2c,306000,-1,-642.1527777777778,245.48500518374178
425,ia2c,306720,-1,-666.2375,268.3820203954203
426,ia2c,307440,-1,-647.7902777777778,247.7330533837012
427,ia2c,308160,-1,-661.6708333333333,254.4475032832575
428,ia2c,308880,-1,-661.1666666666666,248.24807820672717
429,ia2c,309600,-1,-675.6847222222223,276.6908860682913
430,ia2c,310320,-1,-657.9638888888888,273.7507865567369
431,ia2c,311040,-1,-711.7722222222222,302.2727076398903
432,ia2c,311760,-1,-648.8069444444444,267.14715609066525
433,ia2c,312480,-1,-695.1527777777778,283.02649854946947
434,ia2c,313200,-1,-671.8652777777778,273.1271019037973
435,ia2c,313920,-1,-655.7833333333333,259.5424183913767
436,ia2c,314640,-1,-672.8166666666667,271.59655485869314
437,ia2c,315360,-1,-659.4333333333333,250.4661010551683
438,ia2c,316080,-1,-663.5375,284.89409578994827
439,ia2c,316800,-1,-682.8125,285.72687445914926
440,ia2c,317520,-1,-663.6541666666667,278.7633875397537
441,ia2c,318240,-1,-683.2847222222222,271.469638756509
442,ia2c,318960,-1,-647.2930555555556,261.89709908154816
443,ia2c,319680,-1,-688.2319444444445,291.7928733262636
444,ia2c,320400,-1,-703.7222222222222,310.079672656983
445,ia2c,321120,-1,-651.9402777777777,268.29140053293327
446,ia2c,321840,-1,-616.3208333333333,235.40489612904776
447,ia2c,322560,-1,-632.8902777777778,255.46613803644541
448,ia2c,323280,-1,-673.1416666666667,282.458579928102
449,ia2c,324000,-1,-629.2708333333334,277.5510618374272
450,ia2c,324720,-1,-637.3638888888889,291.32563553214794
451,ia2c,325440,-1,-642.5388888888889,263.4545841926057
452,ia2c,326160,-1,-616.4763888888889,228.86390788283833
453,ia2c,326880,-1,-685.2930555555556,278.4039260910051
454,ia2c,327600,-1,-645.9583333333334,257.76734975016177
455,ia2c,328320,-1,-675.9347222222223,293.57500445169325
456,ia2c,329040,-1,-673.65,273.14455828777227
457,ia2c,329760,-1,-665.9569444444444,272.6183424610661
458,ia2c,330480,-1,-713.7083333333334,305.82656838567107
459,ia2c,331200,-1,-718.3916666666667,312.38849910808176
460,ia2c,331920,-1,-671.275,290.40071823736554
461,ia2c,332640,-1,-658.2097222222222,274.88348373029004
462,ia2c,333360,-1,-702.9805555555556,288.0306014986799
463,ia2c,334080,-1,-674.2222222222222,291.49024293858463
464,ia2c,334800,-1,-699.0430555555556,304.7906924461026
465,ia2c,335520,-1,-706.3722222222223,289.4502601782972
466,ia2c,336240,-1,-659.9861111111111,272.1256140224561
467,ia2c,336960,-1,-729.7527777777777,303.4255400021845
468,ia2c,337680,-1,-658.3472222222222,263.10811886847233
469,ia2c,338400,-1,-706.1597222222222,320.07002409183065
470,ia2c,339120,-1,-669.6486111111111,289.08702577302427
471,ia2c,339840,-1,-694.2083333333334,293.7069135067587
472,ia2c,340560,-1,-701.7388888888889,294.26105877243856
473,ia2c,341280,-1,-645.8291666666667,271.55776443895564
474,ia2c,342000,-1,-674.5888888888888,297.77442597616084
475,ia2c,342720,-1,-682.9958333333333,292.98287537058656
476,ia2c,343440,-1,-680.8625,298.26890223118204
477,ia2c,344160,-1,-661.5763888888889,280.3639940590404
478,ia2c,344880,-1,-647.6319444444445,285.02290713320497
479,ia2c,345600,-1,-616.4666666666667,271.92461475767715
480,ia2c,346320,-1,-634.9930555555555,257.2684313807429
481,ia2c,347040,-1,-641.3208333333333,263.76559166000027
482,ia2c,347760,-1,-604.6083333333333,258.056032755808
483,ia2c,348480,-1,-603.8347222222222,272.2719569044699
484,ia2c,349200,-1,-668.7944444444445,323.2260251008095
485,ia2c,349920,-1,-605.9638888888888,250.8549355623438
486,ia2c,350640,-1,-595.4625,249.38074690537624
487,ia2c,351360,-1,-614.8444444444444,253.23775219307737
488,ia2c,352080,-1,-574.4013888888888,264.6827424762288
489,ia2c,352800,-1,-581.6833333333333,232.8722760322586
490,ia2c,353520,-1,-569.4416666666667,230.07900681070404
491,ia2c,354240,-1,-639.1861111111111,270.21905481456434
492,ia2c,354960,-1,-596.9597222222222,262.1395934101832
493,ia2c,355680,-1,-638.375,273.511417469383
494,ia2c,356400,-1,-696.3902777777778,327.61054396430757
495,ia2c,357120,-1,-640.1555555555556,280.4449653323213
496,ia2c,357840,-1,-621.2333333333333,267.71400266370495
497,ia2c,358560,-1,-647.1930555555556,275.8957083686137
498,ia2c,359280,-1,-678.5,293.8697982667381
499,ia2c,360000,-1,-658.2638888888889,283.68943764144797
500,ia2c,360720,-1,-638.7805555555556,272.7857658793032
501,ia2c,361440,-1,-670.9472222222222,290.4129483129833
502,ia2c,362160,-1,-673.2361111111111,289.73107708584
503,ia2c,362880,-1,-675.2013888888889,295.71555824298434
504,ia2c,363600,-1,-646.825,261.1971954875388
505,ia2c,364320,-1,-632.6458333333334,257.8579730940939
506,ia2c,365040,-1,-615.4458333333333,252.0143015328363
507,ia2c,365760,-1,-665.6958333333333,290.5841778677624
508,ia2c,366480,-1,-680.4013888888888,304.2777993293918
509,ia2c,367200,-1,-677.8,302.28071758255146
510,ia2c,367920,-1,-669.8527777777778,283.35288264528924
511,ia2c,368640,-1,-629.4,263.9257229263988
512,ia2c,369360,-1,-623.6291666666667,238.4205784005674
513,ia2c,370080,-1,-659.0513888888889,284.87888532431907
514,ia2c,370800,-1,-698.4847222222222,318.5486440961229
515,ia2c,371520,-1,-651.7152777777778,266.92558948543143
516,ia2c,372240,-1,-640.6680555555556,272.04204042267116
517,ia2c,372960,-1,-657.1111111111111,282.7947015236964
518,ia2c,373680,-1,-642.3375,288.7776080777098
519,ia2c,374400,-1,-651.0861111111111,272.4558390850583
520,ia2c,375120,-1,-668.9,291.91816490242604
521,ia2c,375840,-1,-682.9736111111112,298.79852580936335
522,ia2c,376560,-1,-639.8902777777778,277.38803630159714
523,ia2c,377280,-1,-635.0680555555556,271.3102151936808
524,ia2c,378000,-1,-622.6347222222222,271.5840388963537
525,ia2c,378720,-1,-633.6013888888889,276.0733110129021
526,ia2c,379440,-1,-607.1652777777778,248.685246546559
527,ia2c,380160,-1,-604.5111111111111,254.1367958160611
528,ia2c,380880,-1,-634.9041666666667,269.608786504477
529,ia2c,381600,-1,-695.6680555555556,309.3835754485526
530,ia2c,382320,-1,-587.3041666666667,239.57681552728437
531,ia2c,383040,-1,-679.6486111111111,299.44023262537326
532,ia2c,383760,-1,-677.7083333333334,290.3592046213334
533,ia2c,384480,-1,-614.4263888888889,258.60501332096726
534,ia2c,385200,-1,-620.4166666666666,263.5394209390483
535,ia2c,385920,-1,-663.6847222222223,293.22708642114554
536,ia2c,386640,-1,-659.8097222222223,298.53981897996374
537,ia2c,387360,-1,-636.3944444444444,268.75043146677973
538,ia2c,388080,-1,-674.4111111111112,278.4596427748929
539,ia2c,388800,-1,-625.2902777777778,264.4348384656744
540,ia2c,389520,-1,-631.15,270.40792692605083
541,ia2c,390240,-1,-655.5291666666667,292.203727891603
542,ia2c,390960,-1,-669.8069444444444,279.98669156189317
543,ia2c,391680,-1,-647.8,278.9992313808608
544,ia2c,392400,-1,-635.9555555555555,278.8979815914817
545,ia2c,393120,-1,-626.0486111111111,266.5834278904988
546,ia2c,393840,-1,-610.3777777777777,258.80071495598384
547,ia2c,394560,-1,-640.3680555555555,280.2255328433336
548,ia2c,395280,-1,-656.6347222222222,276.09377164074476
549,ia2c,396000,-1,-661.9013888888888,299.39788650308714
550,ia2c,396720,-1,-663.2819444444444,298.0040495746422
551,ia2c,397440,-1,-648.1152777777778,292.98954624872533
552,ia2c,398160,-1,-544.0069444444445,222.98321737196383
553,ia2c,398880,-1,-646.2027777777778,278.869688789616
554,ia2c,399600,-1,-656.7875,287.990939497476
555,ia2c,400320,-1,-604.2097222222222,263.72350138593293
556,ia2c,401040,-1,-659.2430555555555,295.9422955795366
557,ia2c,401760,-1,-607.0791666666667,270.05636882649145
558,ia2c,402480,-1,-552.9333333333333,218.44866801048605
559,ia2c,403200,-1,-625.4236111111111,265.69213543385945
560,ia2c,403920,-1,-617.6694444444445,272.52318282573526
561,ia2c,404640,-1,-613.0847222222222,265.2342304243774
562,ia2c,405360,-1,-600.9472222222222,241.46906862659463
563,ia2c,406080,-1,-586.8041666666667,244.59637781086303
564,ia2c,406800,-1,-661.075,291.7623270508225
565,ia2c,407520,-1,-634.8277777777778,274.8995236759859
566,ia2c,408240,-1,-651.5361111111112,297.79803712954504
567,ia2c,408960,-1,-636.225,285.4717721742963
568,ia2c,409680,-1,-601.9791666666666,258.9001327397089
569,ia2c,410400,-1,-640.3791666666667,268.26056334047684
570,ia2c,411120,-1,-676.0819444444444,298.0326794284987
571,ia2c,411840,-1,-623.1069444444445,257.09462364532294
572,ia2c,412560,-1,-600.0458333333333,249.762252195018
573,ia2c,413280,-1,-638.3180555555556,290.36601462942366
574,ia2c,414000,-1,-596.2791666666667,259.410611042663
575,ia2c,414720,-1,-641.3013888888889,299.7701332285269
576,ia2c,415440,-1,-617.5902777777778,278.59736013132834
577,ia2c,416160,-1,-652.2972222222222,292.90041063105303
578,ia2c,416880,-1,-655.7513888888889,299.0025513143917
579,ia2c,417600,-1,-620.0388888888889,264.0455161497075
580,ia2c,418320,-1,-620.0138888888889,269.23529533020593
581,ia2c,419040,-1,-615.5013888888889,270.7649759852504
582,ia2c,419760,-1,-632.3416666666667,281.5953261478843
583,ia2c,420480,-1,-613.9333333333333,284.1332257938167
584,ia2c,421200,-1,-601.4833333333333,275.84591562440556
585,ia2c,421920,-1,-620.0680555555556,276.9196325081365
586,ia2c,422640,-1,-669.1888888888889,319.2825296902919
587,ia2c,423360,-1,-607.2513888888889,264.6784094230915
588,ia2c,424080,-1,-642.4125,285.5029054325309
589,ia2c,424800,-1,-635.2597222222222,275.25888428477765
590,ia2c,425520,-1,-601.2763888888888,249.73401961612387
591,ia2c,426240,-1,-647.9986111111111,298.18285543580265
592,ia2c,426960,-1,-594.4847222222222,257.871392989112
593,ia2c,427680,-1,-638.0180555555555,313.9572528521062
594,ia2c,428400,-1,-658.5138888888889,318.9541151715659
595,ia2c,429120,-1,-633.0583333333333,290.4025595569402
596,ia2c,429840,-1,-600.4458333333333,267.04380593489606
597,ia2c,430560,-1,-587.2222222222222,246.20499149998193
598,ia2c,431280,-1,-588.1152777777778,245.56362445500432
599,ia2c,432000,-1,-601.5402777777778,266.49893900128706
600,ia2c,432720,-1,-558.2819444444444,234.17527198090374
601,ia2c,433440,-1,-621.8861111111111,288.7995956952943
602,ia2c,434160,-1,-631.0361111111112,293.98587234837
603,ia2c,434880,-1,-634.8152777777777,301.9985339183151
604,ia2c,435600,-1,-635.2875,284.13029945074885
605,ia2c,436320,-1,-624.7486111111111,279.3992998346112
606,ia2c,437040,-1,-587.4722222222222,269.9307818796753
607,ia2c,437760,-1,-617.7083333333334,278.0720848539098
608,ia2c,438480,-1,-574.4972222222223,251.64791871240254
609,ia2c,439200,-1,-597.2736111111111,263.985697999098
610,ia2c,439920,-1,-630.5166666666667,299.7031906737064
611,ia2c,440640,-1,-643.6125,292.01027590247384
612,ia2c,441360,-1,-575.7361111111111,259.91790867799625
613,ia2c,442080,-1,-609.8125,280.9978392747591
614,ia2c,442800,-1,-627.0430555555556,294.05675393554225
615,ia2c,443520,-1,-630.3805555555556,280.1548027623344
616,ia2c,444240,-1,-573.6416666666667,248.64312765599524
617,ia2c,444960,-1,-580.3986111111111,281.54179825513944
618,ia2c,445680,-1,-613.0583333333333,299.78654802208854
619,ia2c,446400,-1,-592.5125,272.6623570551335
620,ia2c,447120,-1,-600.3875,250.36825901365327
621,ia2c,447840,-1,-593.2513888888889,256.56898979777105
622,ia2c,448560,-1,-582.0375,275.54711733481764
623,ia2c,449280,-1,-587.7527777777777,254.09775567038838
624,ia2c,450000,-1,-566.8430555555556,245.44403431241196
625,ia2c,450720,-1,-615.7958333333333,300.6983191660797
626,ia2c,451440,-1,-565.9180555555556,246.03069525433253
627,ia2c,452160,-1,-548.65,265.7876914840949
628,ia2c,452880,-1,-585.8638888888889,291.1072030987685
629,ia2c,453600,-1,-595.3763888888889,294.5922205133053
630,ia2c,454320,-1,-542.55,241.5768114561771
631,ia2c,455040,-1,-528.2194444444444,255.79364330500263
632,ia2c,455760,-1,-546.5541666666667,249.78102045008012
633,ia2c,456480,-1,-560.8625,250.5994407512936
634,ia2c,457200,-1,-551.1791666666667,247.0193590240224
635,ia2c,457920,-1,-613.05,272.6509576770678
636,ia2c,458640,-1,-579.0208333333334,282.5869892801448
637,ia2c,459360,-1,-631.0694444444445,306.3832715184659
638,ia2c,460080,-1,-642.5416666666666,288.68739520938175
639,ia2c,460800,-1,-587.2180555555556,267.9431707089256
640,ia2c,461520,-1,-608.1819444444444,288.57331334341524
641,ia2c,462240,-1,-594.2416666666667,271.44955524308136
642,ia2c,462960,-1,-586.6652777777778,244.84019825848895
643,ia2c,463680,-1,-560.5680555555556,260.10331992327207
644,ia2c,464400,-1,-601.9444444444445,268.7600018236473
645,ia2c,465120,-1,-562.0555555555555,263.9113955314511
646,ia2c,465840,-1,-593.2013888888889,275.8541326463517
647,ia2c,466560,-1,-571.6833333333333,259.962090719226
648,ia2c,467280,-1,-602.3611111111111,286.9451798957984
649,ia2c,468000,-1,-606.3444444444444,283.6404526121489
650,ia2c,468720,-1,-573.5208333333334,257.1137925972662
651,ia2c,469440,-1,-600.2527777777777,276.26053523009267
652,ia2c,470160,-1,-596.8972222222222,251.09739808611576
653,ia2c,470880,-1,-623.2013888888889,283.5016602896002
654,ia2c,471600,-1,-671.3208333333333,319.5810036583926
655,ia2c,472320,-1,-587.8638888888889,262.0852349192039
656,ia2c,473040,-1,-610.4291666666667,270.2315632201699
657,ia2c,473760,-1,-599.9652777777778,246.35207453500493
658,ia2c,474480,-1,-637.0069444444445,260.2951235437644
659,ia2c,475200,-1,-652.2166666666667,290.0999114289956
660,ia2c,475920,-1,-642.9555555555555,274.2819225262419
661,ia2c,476640,-1,-634.5805555555555,255.57740545179095
662,ia2c,477360,-1,-643.0791666666667,277.8348792386006
663,ia2c,478080,-1,-624.7513888888889,246.65099752768958
664,ia2c,478800,-1,-696.9722222222222,298.6256329802241
665,ia2c,479520,-1,-671.6486111111111,292.2284069073822
666,ia2c,480240,-1,-627.1680555555556,269.51324608056984
667,ia2c,480960,-1,-638.5222222222222,283.3239695620458
668,ia2c,481680,-1,-716.8277777777778,333.4676201265117
669,ia2c,482400,-1,-694.1833333333333,292.935980396931
670,ia2c,483120,-1,-676.7055555555555,302.180918899446
671,ia2c,483840,-1,-704.6513888888888,299.7243212488286
672,ia2c,484560,-1,-659.3138888888889,270.9948058673796
673,ia2c,485280,-1,-682.4930555555555,288.62742700312
674,ia2c,486000,-1,-676.4347222222223,281.34154542700617
675,ia2c,486720,-1,-704.9958333333333,313.30969101296387
676,ia2c,487440,-1,-654.9458333333333,240.7396844666108
677,ia2c,488160,-1,-686.8069444444444,284.1877268962214
678,ia2c,488880,-1,-662.0791666666667,259.8046180612889
679,ia2c,489600,-1,-627.3375,237.86921297771784
680,ia2c,490320,-1,-719.5194444444444,301.89210666454665
681,ia2c,491040,-1,-706.4194444444445,313.78163702330426
682,ia2c,491760,-1,-701.0125,289.1760346405225
683,ia2c,492480,-1,-658.4236111111111,251.42517607578137
684,ia2c,493200,-1,-689.3930555555555,298.39517926288664
685,ia2c,493920,-1,-707.7694444444444,297.13468169562105
686,ia2c,494640,-1,-685.3569444444445,277.35633735042245
687,ia2c,495360,-1,-689.3111111111111,287.5732522890451
688,ia2c,496080,-1,-660.0569444444444,275.68771248078104
689,ia2c,496800,-1,-724.5055555555556,321.07440289029273
690,ia2c,497520,-1,-664.9347222222223,259.03924502096964
691,ia2c,498240,-1,-710.8319444444444,293.6490835288444
692,ia2c,498960,-1,-661.0,264.6851903677272
693,ia2c,499680,-1,-616.0375,242.55657984701904
694,ia2c,500400,-1,-680.6375,307.94909930119405
695,ia2c,501120,-1,-692.1847222222223,269.32338686239996
696,ia2c,501840,-1,-684.6361111111111,288.3694598300145
697,ia2c,502560,-1,-686.5375,286.6338522582716
698,ia2c,503280,-1,-617.8,239.55414952689833
699,ia2c,504000,-1,-654.6236111111111,263.056106707008
700,ia2c,504720,-1,-682.3541666666666,276.17802905488134
701,ia2c,505440,-1,-663.8111111111111,270.7816933104946
702,ia2c,506160,-1,-670.8222222222222,255.88805941391107
703,ia2c,506880,-1,-673.8458333333333,271.6641254674092
704,ia2c,507600,-1,-639.9625,246.83218542243768
705,ia2c,508320,-1,-670.5888888888888,265.25198792613304
706,ia2c,509040,-1,-694.5888888888888,276.6950445062596
707,ia2c,509760,-1,-665.0166666666667,262.4174997340434
708,ia2c,510480,-1,-659.3430555555556,254.59224006590358
709,ia2c,511200,-1,-686.0986111111112,274.56782201663736
710,ia2c,511920,-1,-670.55,264.26227029222315
711,ia2c,512640,-1,-648.0777777777778,259.75230093207296
712,ia2c,513360,-1,-691.9597222222222,280.8926688848539
713,ia2c,514080,-1,-694.2791666666667,281.01202744005855
714,ia2c,514800,-1,-734.0777777777778,305.6834183987588
715,ia2c,515520,-1,-676.2236111111112,290.8708500124409
716,ia2c,516240,-1,-681.2833333333333,283.87114692331016
717,ia2c,516960,-1,-641.0361111111112,252.243431422877
718,ia2c,517680,-1,-717.0819444444444,303.8322137602288
719,ia2c,518400,-1,-672.3513888888889,270.61408073586165
720,ia2c,519120,-1,-705.6763888888889,285.09991328239045
721,ia2c,519840,-1,-730.1916666666667,322.9239709926575
722,ia2c,520560,-1,-654.5597222222223,268.30790105136583
723,ia2c,521280,-1,-699.3847222222222,283.49002145858594
724,ia2c,522000,-1,-691.0083333333333,267.7215747698011
725,ia2c,522720,-1,-721.3902777777778,294.6061243704711
726,ia2c,523440,-1,-711.4527777777778,281.31023403008595
727,ia2c,524160,-1,-674.4208333333333,263.8508508806001
728,ia2c,524880,-1,-707.9805555555556,303.67313322738283
729,ia2c,525600,-1,-668.3958333333334,258.7151591881504
730,ia2c,526320,-1,-718.7694444444444,298.2207183348196
731,ia2c,527040,-1,-637.6347222222222,246.0045814047882
732,ia2c,527760,-1,-707.4,291.10794771394035
733,ia2c,528480,-1,-676.2138888888888,278.5218649433886
734,ia2c,529200,-1,-666.9472222222222,261.127820963552
735,ia2c,529920,-1,-727.2875,313.493592632334
736,ia2c,530640,-1,-696.175,303.4539914559628
737,ia2c,531360,-1,-696.9861111111111,295.834703896147
738,ia2c,532080,-1,-696.6513888888888,293.66257445742025
739,ia2c,532800,-1,-733.9625,313.1909649689698
740,ia2c,533520,-1,-650.65,258.4815107292761
741,ia2c,534240,-1,-704.5694444444445,299.7371314255992
742,ia2c,534960,-1,-623.8527777777778,212.11373519635782
743,ia2c,535680,-1,-693.1472222222222,283.6919553809017
744,ia2c,536400,-1,-676.9486111111111,256.2354686899096
745,ia2c,537120,-1,-606.0041666666667,212.36917864462922
746,ia2c,537840,-1,-661.4791666666666,255.23862388268705
747,ia2c,538560,-1,-703.7166666666667,290.43644887192335
748,ia2c,539280,-1,-685.9166666666666,283.7726618459063
749,ia2c,540000,-1,-698.6041666666666,274.1266642233011
750,ia2c,540720,-1,-701.3152777777777,292.0806572201334
751,ia2c,541440,-1,-720.6763888888889,289.2986672747731
752,ia2c,542160,-1,-675.6986111111111,265.8970811721121
753,ia2c,542880,-1,-699.1916666666667,270.11969967549163
754,ia2c,543600,-1,-664.3597222222222,263.2869838744419
755,ia2c,544320,-1,-679.0694444444445,278.68291551455275
756,ia2c,545040,-1,-713.8763888888889,283.4992602347077
757,ia2c,545760,-1,-649.5430555555556,248.05116705944457
758,ia2c,546480,-1,-666.1625,255.51167071491625
759,ia2c,547200,-1,-664.8958333333334,259.03240677648165
760,ia2c,547920,-1,-689.5486111111111,265.8491748117172
761,ia2c,548640,-1,-654.2444444444444,253.67547887063682
762,ia2c,549360,-1,-685.4930555555555,265.09645510140314
763,ia2c,550080,-1,-646.8305555555555,241.24370264601316
764,ia2c,550800,-1,-654.2458333333333,251.57682029633943
765,ia2c,551520,-1,-711.1625,277.50050547376384
766,ia2c,552240,-1,-709.825,290.3733706368406
767,ia2c,552960,-1,-691.1013888888889,274.7799008060085
768,ia2c,553680,-1,-681.025,261.0450992059503
769,ia2c,554400,-1,-680.75,268.06614285367044
770,ia2c,555120,-1,-616.7805555555556,215.55780137360998
771,ia2c,555840,-1,-692.2152777777778,279.40735801162066
772,ia2c,556560,-1,-701.7777777777778,266.0631776593162
773,ia2c,557280,-1,-669.6041666666666,261.5061136620689
774,ia2c,558000,-1,-701.9611111111111,284.10378314757696
775,ia2c,558720,-1,-668.0736111111111,242.84876151690216
776,ia2c,559440,-1,-689.9611111111111,257.94149560379185
777,ia2c,560160,-1,-714.3055555555555,276.2776853341222
778,ia2c,560880,-1,-700.8875,291.7855326536465
779,ia2c,561600,-1,-711.5138888888889,290.86719444980173
780,ia2c,562320,-1,-696.1069444444445,279.80587706598226
781,ia2c,563040,-1,-640.8083333333333,247.81502272080098
782,ia2c,563760,-1,-658.1638888888889,248.38861985559126
783,ia2c,564480,-1,-651.8555555555556,265.54825617583083
784,ia2c,565200,-1,-659.1541666666667,263.2465782396062
785,ia2c,565920,-1,-696.1944444444445,280.2266909173163
786,ia2c,566640,-1,-703.0305555555556,282.78966793109726
787,ia2c,567360,-1,-653.1541666666667,241.956090734972
788,ia2c,568080,-1,-605.1763888888889,239.46409670174378
789,ia2c,568800,-1,-628.6444444444444,238.69428662859906
790,ia2c,569520,-1,-685.2888888888889,272.5186229903256
791,ia2c,570240,-1,-666.7527777777777,268.94657150745996
792,ia2c,570960,-1,-656.6944444444445,255.76984222413327
793,ia2c,571680,-1,-627.4916666666667,240.04332349136016
794,ia2c,572400,-1,-636.025,247.94128883333113
795,ia2c,573120,-1,-628.5916666666667,248.6277112862612
796,ia2c,573840,-1,-629.3958333333334,251.79488507375513
797,ia2c,574560,-1,-622.1763888888889,245.31037765850812
798,ia2c,575280,-1,-644.8375,258.2441942649007
799,ia2c,576000,-1,-640.9194444444445,261.39246070000274
800,ia2c,576720,-1,-594.9861111111111,210.11274044185816
801,ia2c,577440,-1,-642.7180555555556,273.4081294137987
802,ia2c,578160,-1,-673.0083333333333,283.6762237667365
803,ia2c,578880,-1,-659.3347222222222,272.9456914132076
804,ia2c,579600,-1,-689.2444444444444,280.5080682583385
805,ia2c,580320,-1,-637.7833333333333,236.53750642222565
806,ia2c,581040,-1,-640.8097222222223,235.3714113786279
807,ia2c,581760,-1,-663.6486111111111,269.4028945304863
808,ia2c,582480,-1,-655.5347222222222,267.26647421405426
809,ia2c,583200,-1,-658.7027777777778,258.6397816635148
810,ia2c,583920,-1,-696.1819444444444,288.1612954128242
811,ia2c,584640,-1,-688.3583333333333,297.09545685875287
812,ia2c,585360,-1,-631.0555555555555,259.11264650774365
813,ia2c,586080,-1,-656.1666666666666,264.79352018758567
814,ia2c,586800,-1,-695.3722222222223,274.21331985144457
815,ia2c,587520,-1,-651.0652777777777,270.4134538379877
816,ia2c,588240,-1,-645.2388888888889,255.6508385776039
817,ia2c,588960,-1,-681.9194444444445,268.5278263249499
818,ia2c,589680,-1,-610.7361111111111,240.84736366602925
819,ia2c,590400,-1,-657.75,268.09530591854
820,ia2c,591120,-1,-615.1291666666667,231.85261418595456
821,ia2c,591840,-1,-689.2041666666667,276.83365690202845
822,ia2c,592560,-1,-681.3305555555555,301.1850052703344
823,ia2c,593280,-1,-680.6069444444445,282.2931980654102
824,ia2c,594000,-1,-642.6069444444445,248.1148249110955
825,ia2c,594720,-1,-646.75,272.2374805814463
826,ia2c,595440,-1,-687.8416666666667,300.63989614284026
827,ia2c,596160,-1,-617.6138888888889,242.64415148843628
828,ia2c,596880,-1,-703.8527777777778,294.73692223000717
829,ia2c,597600,-1,-616.9527777777778,250.0968545562911
830,ia2c,598320,-1,-649.4333333333333,261.58726714680387
831,ia2c,599040,-1,-687.8375,295.7617988336316
832,ia2c,599760,-1,-646.7569444444445,265.15576780785796
833,ia2c,600480,-1,-684.1319444444445,280.03436412459024
834,ia2c,601200,-1,-655.0083333333333,269.3853238547589
835,ia2c,601920,-1,-674.0444444444445,284.76659686725554
836,ia2c,602640,-1,-634.5555555555555,246.2641867819152
837,ia2c,603360,-1,-631.0541666666667,243.17368874799257
838,ia2c,604080,-1,-629.2097222222222,247.86637678154682
839,ia2c,604800,-1,-625.0694444444445,235.5440998098804
840,ia2c,605520,-1,-712.3513888888889,284.9823145063643
841,ia2c,606240,-1,-645.4611111111111,261.97926368085973
842,ia2c,606960,-1,-639.7388888888889,235.1156952530413
843,ia2c,607680,-1,-669.4861111111111,275.39148362203076
844,ia2c,608400,-1,-685.0291666666667,271.1715436651678
845,ia2c,609120,-1,-736.7666666666667,325.9237743194974
846,ia2c,609840,-1,-645.0055555555556,259.8304574829565
847,ia2c,610560,-1,-640.0638888888889,251.39721519360305
848,ia2c,611280,-1,-669.3888888888889,273.8736557629953
849,ia2c,612000,-1,-679.7125,273.06611808085967
850,ia2c,612720,-1,-694.5680555555556,280.99631933452883
851,ia2c,613440,-1,-673.2263888888889,280.46658569696933
852,ia2c,614160,-1,-699.4430555555556,295.0766135572952
853,ia2c,614880,-1,-713.8736111111111,283.4176920951044
854,ia2c,615600,-1,-683.6263888888889,275.47660340916207
855,ia2c,616320,-1,-669.7291666666666,271.3814304921621
856,ia2c,617040,-1,-675.4458333333333,282.80704525126316
857,ia2c,617760,-1,-723.3125,313.28024081993175
858,ia2c,618480,-1,-680.4583333333334,265.4734731203017
859,ia2c,619200,-1,-695.7763888888888,280.4395384397379
860,ia2c,619920,-1,-669.8458333333333,281.7702962410161
861,ia2c,620640,-1,-695.4194444444445,285.6228508982552
862,ia2c,621360,-1,-709.2388888888889,301.4125976849838
863,ia2c,622080,-1,-668.0,288.5004621602306
864,ia2c,622800,-1,-640.2222222222222,251.4807769449576
865,ia2c,623520,-1,-671.1402777777778,299.24326046421857
866,ia2c,624240,-1,-709.1013888888889,302.56246737613975
867,ia2c,624960,-1,-683.5888888888888,293.08190055358034
868,ia2c,625680,-1,-703.1041666666666,297.4461416876358
869,ia2c,626400,-1,-625.6736111111111,244.37324110935958
870,ia2c,627120,-1,-656.7777777777778,279.25558395999803
871,ia2c,627840,-1,-624.8111111111111,241.0133534541393
872,ia2c,628560,-1,-632.0319444444444,261.6046483438473
873,ia2c,629280,-1,-622.9638888888888,249.6601052239466
874,ia2c,630000,-1,-676.1194444444444,276.95620825065515
875,ia2c,630720,-1,-706.075,314.832367101923
876,ia2c,631440,-1,-648.3166666666667,265.937157885927
877,ia2c,632160,-1,-630.5763888888889,279.4337622730492
878,ia2c,632880,-1,-652.6625,282.1386602253403
879,ia2c,633600,-1,-658.3763888888889,271.3519879915382
880,ia2c,634320,-1,-623.8097222222223,258.05550902627857
881,ia2c,635040,-1,-651.1625,264.5903961983818
882,ia2c,635760,-1,-660.7861111111112,280.9847540869807
883,ia2c,636480,-1,-643.8902777777778,274.1336462687306
884,ia2c,637200,-1,-667.8125,277.9484656657997
885,ia2c,637920,-1,-672.9763888888889,292.4094840920176
886,ia2c,638640,-1,-656.8972222222222,271.034223941995
887,ia2c,639360,-1,-658.0222222222222,275.4691191717938
888,ia2c,640080,-1,-657.4263888888889,281.7812639131911
889,ia2c,640800,-1,-630.1277777777777,278.74345593824273
890,ia2c,641520,-1,-559.1777777777778,211.94482787208656
891,ia2c,642240,-1,-649.7125,271.3152212615327
892,ia2c,642960,-1,-651.9694444444444,289.3795645854962
893,ia2c,643680,-1,-552.9972222222223,205.44211131945434
894,ia2c,644400,-1,-583.8458333333333,238.0067047593758
895,ia2c,645120,-1,-622.3888888888889,265.70220148983185
896,ia2c,645840,-1,-671.6888888888889,287.24368843059005
897,ia2c,646560,-1,-641.2333333333333,279.3607802744608
898,ia2c,647280,-1,-629.6041666666666,263.4737657916186
899,ia2c,648000,-1,-653.2777777777778,274.99654150462726
900,ia2c,648720,-1,-645.8097222222223,260.18123739879337
901,ia2c,649440,-1,-598.5416666666666,231.76407649326885
902,ia2c,650160,-1,-649.6194444444444,272.8473060150885
903,ia2c,650880,-1,-657.7263888888889,266.6947253431323
904,ia2c,651600,-1,-644.5263888888888,271.182988390709
905,ia2c,652320,-1,-649.5083333333333,272.14007307818525
906,ia2c,653040,-1,-673.6777777777778,287.4742385667039
907,ia2c,653760,-1,-659.7277777777778,289.2984825507608
908,ia2c,654480,-1,-635.4430555555556,257.05274984285757
909,ia2c,655200,-1,-667.1111111111111,297.38002508740834
910,ia2c,655920,-1,-681.7083333333334,293.40269717290147
911,ia2c,656640,-1,-647.525,273.14761360744933
912,ia2c,657360,-1,-640.2902777777778,269.05210754079786
913,ia2c,658080,-1,-639.7,273.07541998502904
914,ia2c,658800,-1,-677.4888888888889,305.8716640627948
915,ia2c,659520,-1,-667.1527777777778,281.11519780461606
916,ia2c,660240,-1,-627.7555555555556,255.5678562257047
917,ia2c,660960,-1,-717.5333333333333,317.63243782012495
918,ia2c,661680,-1,-658.1055555555556,292.18019548867863
919,ia2c,662400,-1,-683.1194444444444,293.7699584892956
920,ia2c,663120,-1,-632.7125,256.49219039307786
921,ia2c,663840,-1,-657.6041666666666,296.80245999724576
922,ia2c,664560,-1,-665.4166666666666,280.62494988863693
923,ia2c,665280,-1,-633.8194444444445,259.2372693964658
924,ia2c,666000,-1,-641.4833333333333,279.7287371524222
925,ia2c,666720,-1,-688.3666666666667,303.9151590310837
926,ia2c,667440,-1,-680.8527777777778,301.8826675917052
927,ia2c,668160,-1,-682.7736111111111,312.13979706973873
928,ia2c,668880,-1,-648.7694444444444,275.797841945715
929,ia2c,669600,-1,-656.9875,292.89180522160774
930,ia2c,670320,-1,-708.0305555555556,306.27887920020834
931,ia2c,671040,-1,-679.1319444444445,302.6923320278222
932,ia2c,671760,-1,-650.1722222222222,271.0560126729766
933,ia2c,672480,-1,-665.1319444444445,293.1142516751924
934,ia2c,673200,-1,-671.725,292.46091274922725
935,ia2c,673920,-1,-681.5722222222222,302.2049852621296
936,ia2c,674640,-1,-685.3833333333333,309.64629059263376
937,ia2c,675360,-1,-678.175,298.2632132446105
938,ia2c,676080,-1,-693.2166666666667,308.6681204969362
939,ia2c,676800,-1,-671.2666666666667,293.72570537833417
940,ia2c,677520,-1,-649.2902777777778,276.8632542829493
941,ia2c,678240,-1,-713.3097222222223,325.56215043270504
942,ia2c,678960,-1,-679.1222222222223,305.56843033481704
943,ia2c,679680,-1,-673.3666666666667,288.6279833588174
944,ia2c,680400,-1,-667.8430555555556,294.65652618599324
945,ia2c,681120,-1,-685.8277777777778,314.5070760651686
946,ia2c,681840,-1,-662.9361111111111,273.4323374080544
947,ia2c,682560,-1,-608.8180555555556,261.44842056979684
948,ia2c,683280,-1,-645.7013888888889,267.99501135129753
949,ia2c,684000,-1,-634.675,282.6958415319271
950,ia2c,684720,-1,-599.5166666666667,240.82083531584684
951,ia2c,685440,-1,-677.0652777777777,276.8336693052959
952,ia2c,686160,-1,-719.7486111111111,334.2625205388123
953,ia2c,686880,-1,-645.4986111111111,280.4906613582386
954,ia2c,687600,-1,-695.0888888888888,311.90739435659583
955,ia2c,688320,-1,-659.3916666666667,284.35944963588287
956,ia2c,689040,-1,-698.4833333333333,308.89930443071216
957,ia2c,689760,-1,-694.7472222222223,309.1750897200405
958,ia2c,690480,-1,-673.5986111111112,293.3256840825832
959,ia2c,691200,-1,-664.075,303.1522489470706
960,ia2c,691920,-1,-667.0527777777778,281.96599970968833
961,ia2c,692640,-1,-639.9472222222222,284.06575430710006
962,ia2c,693360,-1,-698.0138888888889,316.4903321788113
963,ia2c,694080,-1,-683.4180555555556,294.10066106804925
964,ia2c,694800,-1,-674.1319444444445,309.85715451119523
965,ia2c,695520,-1,-674.7805555555556,289.5150239043874
966,ia2c,696240,-1,-633.1402777777778,265.7846476628328
967,ia2c,696960,-1,-644.4569444444444,286.6929267654335
968,ia2c,697680,-1,-684.2597222222222,316.0838593719686
969,ia2c,698400,-1,-650.6986111111111,272.1933126337152
970,ia2c,699120,-1,-699.4791666666666,319.39979233517045
971,ia2c,699840,-1,-682.3541666666666,309.21885607909024
972,ia2c,700560,-1,-665.8041666666667,317.8270131068419
973,ia2c,701280,-1,-664.9625,292.77140302133904
974,ia2c,702000,-1,-744.9375,367.89510164715733
975,ia2c,702720,-1,-688.1722222222222,305.0374490771685
976,ia2c,703440,-1,-620.9722222222222,269.32476637686074
977,ia2c,704160,-1,-677.8819444444445,295.8375186682289
978,ia2c,704880,-1,-653.0930555555556,292.24134519376884
979,ia2c,705600,-1,-654.8222222222222,284.7743922935713
980,ia2c,706320,-1,-638.4652777777778,279.794897926103
981,ia2c,707040,-1,-645.7555555555556,302.26093624589816
982,ia2c,707760,-1,-673.5166666666667,304.32627273664326
983,ia2c,708480,-1,-660.6111111111111,296.6755829912699
984,ia2c,709200,-1,-669.7763888888888,309.7131177006372
985,ia2c,709920,-1,-665.3291666666667,281.06234230223134
986,ia2c,710640,-1,-646.1402777777778,275.12695764345784
987,ia2c,711360,-1,-618.5569444444444,267.2501836224236
988,ia2c,712080,-1,-658.5763888888889,309.39779275996403
989,ia2c,712800,-1,-693.2791666666667,322.01875136805137
990,ia2c,713520,-1,-633.6041666666666,283.15076516932146
991,ia2c,714240,-1,-675.575,314.9884079657183
992,ia2c,714960,-1,-594.9958333333333,249.33818786355877
993,ia2c,715680,-1,-629.8138888888889,281.82153302003985
994,ia2c,716400,-1,-667.0388888888889,297.3073954286089
995,ia2c,717120,-1,-669.7194444444444,303.9593387641077
996,ia2c,717840,-1,-620.1486111111111,268.07214798603894
997,ia2c,718560,-1,-653.6013888888889,288.0257718952399
998,ia2c,719280,-1,-671.6388888888889,299.00503087348596
999,ia2c,720000,-1,-670.1416666666667,308.4866680668713
1000,ia2c,720720,-1,-661.9361111111111,302.18519216310773
1001,ia2c,721440,-1,-692.5166666666667,304.9696382884332
1002,ia2c,722160,-1,-698.7902777777778,314.6099377976385
1003,ia2c,722880,-1,-670.3805555555556,303.6961057075207
1004,ia2c,723600,-1,-674.0305555555556,294.4961642076594
1005,ia2c,724320,-1,-629.4888888888889,268.33553288723533
1006,ia2c,725040,-1,-631.8194444444445,267.6552367001712
1007,ia2c,725760,-1,-625.8361111111111,259.27510234495645
1008,ia2c,726480,-1,-619.4833333333333,265.9071626840215
1009,ia2c,727200,-1,-593.9541666666667,242.83111840530697
1010,ia2c,727920,-1,-639.3541666666666,282.1074625019791
1011,ia2c,728640,-1,-618.575,259.2625116181581
1012,ia2c,729360,-1,-630.8361111111111,276.3851093962692
1013,ia2c,730080,-1,-650.2125,280.49236097614533
1014,ia2c,730800,-1,-608.9,251.8226911495026
1015,ia2c,731520,-1,-646.0375,285.1878181993501
1016,ia2c,732240,-1,-645.0819444444444,294.2119138130753
1017,ia2c,732960,-1,-636.6958333333333,280.5198160645004
1018,ia2c,733680,-1,-628.3736111111111,270.4312772083056
1019,ia2c,734400,-1,-654.7944444444445,296.19572071374665
1020,ia2c,735120,-1,-635.8236111111111,261.5982835236413
1021,ia2c,735840,-1,-637.8944444444444,270.910701712703
1022,ia2c,736560,-1,-641.9666666666667,272.67414211431526
1023,ia2c,737280,-1,-661.8875,279.017367757666
1024,ia2c,738000,-1,-663.8194444444445,296.05092591144637
1025,ia2c,738720,-1,-648.0444444444445,288.8789023914927
1026,ia2c,739440,-1,-647.6305555555556,277.3010190703762
1027,ia2c,740160,-1,-635.5486111111111,263.4183414968667
1028,ia2c,740880,-1,-617.1388888888889,255.21040913743852
1029,ia2c,741600,-1,-687.0027777777777,308.0486072630883
1030,ia2c,742320,-1,-662.3236111111111,301.3326640816017
1031,ia2c,743040,-1,-672.9291666666667,303.01027069937015
1032,ia2c,743760,-1,-633.6486111111111,266.2105007179759
1033,ia2c,744480,-1,-716.1388888888889,335.11904209779425
1034,ia2c,745200,-1,-621.7763888888888,263.0862791478278
1035,ia2c,745920,-1,-651.5430555555556,282.9141768797606
1036,ia2c,746640,-1,-681.5055555555556,313.0213605991738
1037,ia2c,747360,-1,-648.1319444444445,280.4603766460449
1038,ia2c,748080,-1,-641.0083333333333,286.4356771646608
1039,ia2c,748800,-1,-621.4847222222222,247.5792461009663
1040,ia2c,749520,-1,-650.8666666666667,269.92249710693704
1041,ia2c,750240,-1,-667.3236111111111,299.19582865902373
1042,ia2c,750960,-1,-692.3513888888889,328.3989276665127
1043,ia2c,751680,-1,-627.7736111111111,280.8309844081072
1044,ia2c,752400,-1,-662.8555555555556,289.89275070891347
1045,ia2c,753120,-1,-623.9666666666667,282.6904058427798
1046,ia2c,753840,-1,-677.7819444444444,307.4127716507512
1047,ia2c,754560,-1,-641.1611111111112,281.3732379655355
1048,ia2c,755280,-1,-665.5486111111111,284.6723855265985
1049,ia2c,756000,-1,-609.9208333333333,243.37254389418658
1050,ia2c,756720,-1,-609.425,238.98644182254355
1051,ia2c,757440,-1,-652.5236111111111,284.78832197160807
1052,ia2c,758160,-1,-669.9625,302.6444787835959
1053,ia2c,758880,-1,-635.1611111111112,272.35764709678847
1054,ia2c,759600,-1,-622.9805555555556,270.40864581781534
1055,ia2c,760320,-1,-657.5833333333334,294.27197595648374
1056,ia2c,761040,-1,-664.3777777777777,305.83680117117575
1057,ia2c,761760,-1,-648.9722222222222,291.8815243012052
1058,ia2c,762480,-1,-651.5930555555556,272.4467271200764
1059,ia2c,763200,-1,-625.6708333333333,273.3519429322958
1060,ia2c,763920,-1,-682.0347222222222,290.678488224687
1061,ia2c,764640,-1,-668.6388888888889,305.8118114841378
1062,ia2c,765360,-1,-672.3888888888889,295.41540223309823
1063,ia2c,766080,-1,-670.3722222222223,297.6481849536006
1064,ia2c,766800,-1,-640.8291666666667,266.66115095207124
1065,ia2c,767520,-1,-674.8902777777778,305.920619542119
1066,ia2c,768240,-1,-670.8541666666666,306.71366416935916
1067,ia2c,768960,-1,-628.4791666666666,269.5049568898399
1068,ia2c,769680,-1,-590.9805555555556,222.34162193376164
1069,ia2c,770400,-1,-615.5597222222223,262.8828357313293
1070,ia2c,771120,-1,-658.5611111111111,308.713799747146
1071,ia2c,771840,-1,-652.1888888888889,284.1102542028532
1072,ia2c,772560,-1,-688.4611111111111,308.673899553286
1073,ia2c,773280,-1,-651.0916666666667,288.2599375515478
1074,ia2c,774000,-1,-644.4055555555556,273.22480970036827
1075,ia2c,774720,-1,-584.4444444444445,232.46956723699992
1076,ia2c,775440,-1,-667.5513888888889,295.37694866665976
1077,ia2c,776160,-1,-701.0194444444444,325.96755063404396
1078,ia2c,776880,-1,-650.7361111111111,282.8816150626125
1079,ia2c,777600,-1,-619.1291666666667,265.87433066180176
1080,ia2c,778320,-1,-619.7930555555556,275.2344358433314
1081,ia2c,779040,-1,-630.3777777777777,285.2392203738928
1082,ia2c,779760,-1,-659.3111111111111,282.7138185690196
1083,ia2c,780480,-1,-657.5263888888888,284.35206439526473
1084,ia2c,781200,-1,-651.1958333333333,300.4403790630144
1085,ia2c,781920,-1,-715.3305555555555,324.83535857025964
1086,ia2c,782640,-1,-700.6597222222222,294.56578597418525
1087,ia2c,783360,-1,-627.9180555555556,278.1513630833184
1088,ia2c,784080,-1,-629.4888888888889,273.81165949707696
1089,ia2c,784800,-1,-631.6680555555556,265.32184770282555
1090,ia2c,785520,-1,-650.5,282.8933004587497
1091,ia2c,786240,-1,-650.1930555555556,269.22309564662623
1092,ia2c,786960,-1,-671.8666666666667,295.6653447922348
1093,ia2c,787680,-1,-673.6027777777778,315.043944012499
1094,ia2c,788400,-1,-699.8291666666667,312.4627755329425
1095,ia2c,789120,-1,-687.7791666666667,307.66451761505675
1096,ia2c,789840,-1,-619.7263888888889,258.21459932317254
1097,ia2c,790560,-1,-651.4986111111111,273.4804888394212
1098,ia2c,791280,-1,-620.3861111111111,250.9099347627637
1099,ia2c,792000,-1,-679.6527777777778,305.4210463406861
1100,ia2c,792720,-1,-664.9277777777778,299.90957953200115
1101,ia2c,793440,-1,-625.3125,277.11068458364554
1102,ia2c,794160,-1,-718.5875,340.9822667421854
1103,ia2c,794880,-1,-663.0,293.52735060902853
1104,ia2c,795600,-1,-689.4513888888889,324.5084836645927
1105,ia2c,796320,-1,-673.9888888888889,299.71358066010083
1106,ia2c,797040,-1,-649.6875,276.65623646880493
1107,ia2c,797760,-1,-656.1375,281.5163834474036
1108,ia2c,798480,-1,-701.3041666666667,321.4154035657059
1109,ia2c,799200,-1,-658.9736111111112,302.37577912859774
1110,ia2c,799920,-1,-652.7402777777778,315.37663645575435
1111,ia2c,800640,-1,-640.7555555555556,289.91725586262294
1112,ia2c,801360,-1,-618.5166666666667,270.9155459835326
1113,ia2c,802080,-1,-671.2833333333333,317.7884389722893
1114,ia2c,802800,-1,-616.8930555555555,262.8371981465951
1115,ia2c,803520,-1,-672.9597222222222,285.6589697328122
1116,ia2c,804240,-1,-650.8861111111111,289.64512448931725
1117,ia2c,804960,-1,-673.7694444444444,298.54159799435774
1118,ia2c,805680,-1,-635.0055555555556,295.64983505683847
1119,ia2c,806400,-1,-621.2847222222222,260.0626330327424
1120,ia2c,807120,-1,-633.3958333333334,274.65417191316345
1121,ia2c,807840,-1,-696.1041666666666,310.06755354344426
1122,ia2c,808560,-1,-650.5236111111111,286.3367083585801
1123,ia2c,809280,-1,-654.8013888888889,303.7669213361965
1124,ia2c,810000,-1,-630.3777777777777,282.23462275906303
1125,ia2c,810720,-1,-642.8888888888889,295.75783804564185
1126,ia2c,811440,-1,-691.35,321.15855334848067
1127,ia2c,812160,-1,-571.4222222222222,239.92510302535746
1128,ia2c,812880,-1,-639.6986111111111,282.0512945828272
1129,ia2c,813600,-1,-622.6208333333333,267.0494634985457
1130,ia2c,814320,-1,-628.3958333333334,287.424773219736
1131,ia2c,815040,-1,-611.5416666666666,274.5591282958109
1132,ia2c,815760,-1,-699.7,338.0234155268603
1133,ia2c,816480,-1,-639.5972222222222,289.875249016338
1134,ia2c,817200,-1,-664.8527777777778,297.54359249818907
1135,ia2c,817920,-1,-644.5972222222222,312.26446500265615
1136,ia2c,818640,-1,-685.5875,312.4537887776811
1137,ia2c,819360,-1,-680.1222222222223,320.7150198394476
1138,ia2c,820080,-1,-673.125,325.11751881691436
1139,ia2c,820800,-1,-572.5111111111111,243.31068933199353
1140,ia2c,821520,-1,-632.4027777777778,279.3251569866511
1141,ia2c,822240,-1,-670.4763888888889,311.271861344288
1142,ia2c,822960,-1,-677.2083333333334,334.75404061539473
1143,ia2c,823680,-1,-628.7027777777778,289.8468906030975
1144,ia2c,824400,-1,-650.5083333333333,308.971371269069
1145,ia2c,825120,-1,-652.6138888888889,297.70804271297015
1146,ia2c,825840,-1,-581.8041666666667,242.2271471490597
1147,ia2c,826560,-1,-676.2208333333333,327.2316837406641
1148,ia2c,827280,-1,-618.9305555555555,304.1975658455505
1149,ia2c,828000,-1,-599.2305555555556,268.03518044325244
1150,ia2c,828720,-1,-579.5236111111111,267.03982120496954
1151,ia2c,829440,-1,-637.9277777777778,314.60101328782844
1152,ia2c,830160,-1,-612.3736111111111,278.5502261178282
1153,ia2c,830880,-1,-579.6666666666666,238.70708456646656
1154,ia2c,831600,-1,-650.8291666666667,307.07219560873995
1155,ia2c,832320,-1,-617.2361111111111,294.9366642488008
1156,ia2c,833040,-1,-646.6125,312.79879246245855
1157,ia2c,833760,-1,-650.0861111111111,301.371003040713
1158,ia2c,834480,-1,-609.3486111111112,286.71040242583126
1159,ia2c,835200,-1,-651.2458333333333,287.0774757203571
1160,ia2c,835920,-1,-582.8291666666667,260.030799424425
1161,ia2c,836640,-1,-552.1486111111111,238.6433796210569
1162,ia2c,837360,-1,-654.1569444444444,321.34277576305965
1163,ia2c,838080,-1,-581.4902777777778,262.1321494864132
1164,ia2c,838800,-1,-533.7319444444445,215.32598434724042
1165,ia2c,839520,-1,-629.0166666666667,256.30449501845777
1166,ia2c,840240,-1,-630.975,288.8661203500873
1167,ia2c,840960,-1,-578.8402777777778,248.3265956355115
1168,ia2c,841680,-1,-610.0625,278.17799105044435
1169,ia2c,842400,-1,-627.2972222222222,279.50814039637464
1170,ia2c,843120,-1,-627.1930555555556,294.8033387919577
1171,ia2c,843840,-1,-611.8027777777778,290.7749606999573
1172,ia2c,844560,-1,-656.3847222222222,317.9588731964675
1173,ia2c,845280,-1,-621.8847222222222,266.6389397875598
1174,ia2c,846000,-1,-656.5527777777778,297.86438467690397
1175,ia2c,846720,-1,-665.9,295.4106999867585
1176,ia2c,847440,-1,-644.4986111111111,296.5278045765015
1177,ia2c,848160,-1,-635.0875,285.85803947525926
1178,ia2c,848880,-1,-595.6222222222223,265.32380438407614
1179,ia2c,849600,-1,-570.1958333333333,251.59810155257753
1180,ia2c,850320,-1,-592.1388888888889,273.89724885821465
1181,ia2c,851040,-1,-625.3458333333333,294.27221639792975
1182,ia2c,851760,-1,-620.7083333333334,295.3172511375596
1183,ia2c,852480,-1,-625.2319444444445,290.7712165404983
1184,ia2c,853200,-1,-639.2986111111111,290.82011144398734
1185,ia2c,853920,-1,-661.6638888888889,319.97808662189647
1186,ia2c,854640,-1,-568.2444444444444,242.6814526681753
1187,ia2c,855360,-1,-659.5208333333334,306.8124646341167
1188,ia2c,856080,-1,-613.6402777777778,280.8287433649249
1189,ia2c,856800,-1,-596.4083333333333,284.7228231836476
1190,ia2c,857520,-1,-646.0916666666667,314.7431579655245
1191,ia2c,858240,-1,-676.0277777777778,333.9331882703411
1192,ia2c,858960,-1,-668.3083333333333,332.36775889483897
1193,ia2c,859680,-1,-663.1708333333333,306.58010097847546
1194,ia2c,860400,-1,-628.45,318.70310156075425
1195,ia2c,861120,-1,-654.9652777777778,310.04085781811
1196,ia2c,861840,-1,-678.6277777777777,346.19599106343657
1197,ia2c,862560,-1,-632.7541666666667,291.35795921736127
1198,ia2c,863280,-1,-629.0361111111112,311.7706401015352
1199,ia2c,864000,-1,-647.6069444444445,305.82250608735853
1200,ia2c,864720,-1,-652.8652777777778,318.99943820035963
1201,ia2c,865440,-1,-661.7416666666667,329.049025286
1202,ia2c,866160,-1,-630.9472222222222,298.8066682527081
1203,ia2c,866880,-1,-646.6555555555556,305.0122232928128
1204,ia2c,867600,-1,-609.0194444444444,287.14946680880365
1205,ia2c,868320,-1,-595.4888888888889,285.84167118818476
1206,ia2c,869040,-1,-596.7833333333333,316.60888113113805
1207,ia2c,869760,-1,-578.0541666666667,271.7608090651594
1208,ia2c,870480,-1,-651.3277777777778,335.75820632902474
1209,ia2c,871200,-1,-602.3055555555555,300.4601905082384
1210,ia2c,871920,-1,-648.6597222222222,287.4071097085699
1211,ia2c,872640,-1,-584.0541666666667,290.2618379428688
1212,ia2c,873360,-1,-567.5930555555556,261.95077931761915
1213,ia2c,874080,-1,-661.1666666666666,316.47316456358334
1214,ia2c,874800,-1,-634.1888888888889,316.06844879074475
1215,ia2c,875520,-1,-636.5361111111112,308.9042036446267
1216,ia2c,876240,-1,-608.35,305.1906503409886
1217,ia2c,876960,-1,-547.9180555555556,239.29663763853438
1218,ia2c,877680,-1,-591.9388888888889,268.93032273742267
1219,ia2c,878400,-1,-582.5013888888889,268.6641645836011
1220,ia2c,879120,-1,-581.0263888888888,252.84452430355935
1221,ia2c,879840,-1,-612.9958333333333,276.9537140116758
1222,ia2c,880560,-1,-596.6611111111112,283.2911422290363
1223,ia2c,881280,-1,-664.4097222222222,314.9134892931894
1224,ia2c,882000,-1,-667.3569444444445,326.23099192238556
1225,ia2c,882720,-1,-636.6291666666667,305.1246420806768
1226,ia2c,883440,-1,-657.6805555555555,331.01963798697
1227,ia2c,884160,-1,-697.9666666666667,350.9432749351699
1228,ia2c,884880,-1,-662.6416666666667,316.96701885474874
1229,ia2c,885600,-1,-602.8388888888888,268.46606787220884
1230,ia2c,886320,-1,-618.5527777777778,279.7068802893001
1231,ia2c,887040,-1,-625.7236111111112,295.7143563536044
1232,ia2c,887760,-1,-671.7486111111111,335.5192689834402
1233,ia2c,888480,-1,-668.5666666666667,295.3337866813676
1234,ia2c,889200,-1,-666.2958333333333,307.00078263449825
1235,ia2c,889920,-1,-657.6833333333333,308.37209621206364
1236,ia2c,890640,-1,-610.2694444444444,282.26163426415064
1237,ia2c,891360,-1,-632.6902777777777,299.88268523787497
1238,ia2c,892080,-1,-673.9097222222222,306.1395313958264
1239,ia2c,892800,-1,-670.7055555555555,334.87095685788216
1240,ia2c,893520,-1,-623.3861111111111,285.1134975299581
1241,ia2c,894240,-1,-649.7694444444444,298.5379552636895
1242,ia2c,894960,-1,-636.9305555555555,284.70000909285045
1243,ia2c,895680,-1,-613.6513888888888,265.0712102923453
1244,ia2c,896400,-1,-653.0555555555555,296.3581442973316
1245,ia2c,897120,-1,-612.4444444444445,270.55031822446267
1246,ia2c,897840,-1,-613.8652777777778,300.58290114548095
1247,ia2c,898560,-1,-611.2555555555556,285.4344422147915
1248,ia2c,899280,-1,-615.2625,269.91281871163716
1249,ia2c,900000,-1,-640.0819444444444,298.2381928492676
1250,ia2c,900720,-1,-648.3666666666667,322.1096888742508
1251,ia2c,901440,-1,-603.825,270.5973278128305
1252,ia2c,902160,-1,-617.2819444444444,300.1331458362313
1253,ia2c,902880,-1,-604.0305555555556,297.6330265793809
1254,ia2c,903600,-1,-652.9055555555556,309.9238965226826
1255,ia2c,904320,-1,-561.8791666666667,260.45616630437496
1256,ia2c,905040,-1,-589.8486111111112,276.17441776140083
1257,ia2c,905760,-1,-564.8569444444445,255.3099865992912
1258,ia2c,906480,-1,-636.6444444444444,307.04693582979974
1259,ia2c,907200,-1,-634.9416666666667,314.28596662823566
1260,ia2c,907920,-1,-608.0763888888889,282.2075546241806
1261,ia2c,908640,-1,-600.9,270.3217753386179
1262,ia2c,909360,-1,-620.4222222222222,301.34265666910665
1263,ia2c,910080,-1,-647.8791666666667,317.989514343852
1264,ia2c,910800,-1,-590.8125,276.91183837575255
1265,ia2c,911520,-1,-593.2388888888889,249.31005047015674
1266,ia2c,912240,-1,-642.1916666666667,287.97210886839565
1267,ia2c,912960,-1,-603.6027777777778,275.7849413604246
1268,ia2c,913680,-1,-634.0666666666667,298.9675586265358
1269,ia2c,914400,-1,-639.775,312.86093722557735
1270,ia2c,915120,-1,-623.0777777777778,288.5153366914363
1271,ia2c,915840,-1,-610.8347222222222,277.5239112119301
1272,ia2c,916560,-1,-650.7055555555555,310.91199535885505
1273,ia2c,917280,-1,-641.2527777777777,291.15525639359026
1274,ia2c,918000,-1,-633.1555555555556,290.30267389250105
1275,ia2c,918720,-1,-631.2763888888888,310.2791350779773
1276,ia2c,919440,-1,-609.7347222222222,290.15504555501695
1277,ia2c,920160,-1,-630.3013888888889,281.2275116900982
1278,ia2c,920880,-1,-646.525,291.31887251963457
1279,ia2c,921600,-1,-567.4958333333333,280.0498616008208
1280,ia2c,922320,-1,-650.8611111111111,313.67817484890975
1281,ia2c,923040,-1,-632.2277777777778,319.4600015052407
1282,ia2c,923760,-1,-607.0680555555556,289.3378495837948
1283,ia2c,924480,-1,-653.2402777777778,315.7570607813168
1284,ia2c,925200,-1,-646.9472222222222,335.92086120436755
1285,ia2c,925920,-1,-629.2027777777778,305.39760603197556
1286,ia2c,926640,-1,-619.8972222222222,286.7112862427125
1287,ia2c,927360,-1,-596.8527777777778,290.150617961422
1288,ia2c,928080,-1,-633.1416666666667,306.60535064096103
1289,ia2c,928800,-1,-582.6875,275.13633157920293
1290,ia2c,929520,-1,-647.0013888888889,295.8635923459471
1291,ia2c,930240,-1,-626.8083333333333,282.01848232872965
1292,ia2c,930960,-1,-621.0555555555555,290.28482607072937
1293,ia2c,931680,-1,-602.3916666666667,256.69910928620953
1294,ia2c,932400,-1,-641.7069444444444,298.49488913658735
1295,ia2c,933120,-1,-644.0694444444445,322.0308528347387
1296,ia2c,933840,-1,-597.3347222222222,264.4423071189012
1297,ia2c,934560,-1,-606.6875,273.1760235521229
1298,ia2c,935280,-1,-608.7638888888889,265.5612344668235
1299,ia2c,936000,-1,-618.7125,278.6102003384637
1300,ia2c,936720,-1,-610.4152777777778,269.38886811928495
1301,ia2c,937440,-1,-609.5430555555556,289.5355300238973
1302,ia2c,938160,-1,-587.1625,266.02747870677445
1303,ia2c,938880,-1,-604.3930555555555,284.15427090578265
1304,ia2c,939600,-1,-637.9875,278.97211849807775
1305,ia2c,940320,-1,-639.4583333333334,294.6861389446594
1306,ia2c,941040,-1,-620.7430555555555,296.3953896994824
1307,ia2c,941760,-1,-561.5527777777778,232.64177873827
1308,ia2c,942480,-1,-602.8083333333333,266.03396699899474
1309,ia2c,943200,-1,-611.5569444444444,286.68512940854976
1310,ia2c,943920,-1,-593.075,271.2758486147756
1311,ia2c,944640,-1,-576.2638888888889,267.4913806012965
1312,ia2c,945360,-1,-596.0097222222222,269.3305665388633
1313,ia2c,946080,-1,-614.0652777777777,288.9262351361033
1314,ia2c,946800,-1,-589.9305555555555,256.9223470227753
1315,ia2c,947520,-1,-591.775,279.64874185206776
1316,ia2c,948240,-1,-634.7291666666666,299.4274587244704
1317,ia2c,948960,-1,-614.9263888888889,302.3101449638616
1318,ia2c,949680,-1,-646.7416666666667,310.34443219948736
1319,ia2c,950400,-1,-634.6055555555556,296.3375421002622
1320,ia2c,951120,-1,-645.0333333333333,305.9960175848335
1321,ia2c,951840,-1,-605.3763888888889,279.57820163847595
1322,ia2c,952560,-1,-599.6319444444445,262.85064798516123
1323,ia2c,953280,-1,-599.8888888888889,249.3643338323553
1324,ia2c,954000,-1,-626.1527777777778,270.0549717558663
1325,ia2c,954720,-1,-599.1125,289.12324815124737
1326,ia2c,955440,-1,-621.3041666666667,282.1731599654034
1327,ia2c,956160,-1,-633.9638888888888,294.04548273729677
1328,ia2c,956880,-1,-608.1597222222222,279.6524694249604
1329,ia2c,957600,-1,-597.9847222222222,271.46645186617764
1330,ia2c,958320,-1,-643.6583333333333,281.16694316821025
1331,ia2c,959040,-1,-542.0763888888889,246.56883983149365
1332,ia2c,959760,-1,-585.1347222222222,281.75843162959166
1333,ia2c,960480,-1,-618.075,292.57215622342164
1334,ia2c,961200,-1,-556.5430555555556,248.87749849540486
1335,ia2c,961920,-1,-602.7833333333333,293.17608521918095
1336,ia2c,962640,-1,-611.1138888888889,308.58786489856385
1337,ia2c,963360,-1,-586.75,292.51968832124027
1338,ia2c,964080,-1,-596.7541666666667,273.84081823687075
1339,ia2c,964800,-1,-563.0402777777778,252.44129634416564
1340,ia2c,965520,-1,-597.5847222222222,279.8113373128611
1341,ia2c,966240,-1,-565.0444444444445,258.60257092952116
1342,ia2c,966960,-1,-577.3083333333333,243.3595406834642
1343,ia2c,967680,-1,-582.7583333333333,255.23944082523332
1344,ia2c,968400,-1,-623.5291666666667,285.52731282931194
1345,ia2c,969120,-1,-606.4152777777778,271.1881901720865
1346,ia2c,969840,-1,-608.1722222222222,286.28155489454696
1347,ia2c,970560,-1,-567.7111111111111,252.46681825734575
1348,ia2c,971280,-1,-587.5777777777778,256.32462502666755
1349,ia2c,972000,-1,-612.3361111111111,278.2850723157199
1350,ia2c,972720,-1,-560.9847222222222,252.42271323214638
1351,ia2c,973440,-1,-585.4958333333333,263.2684993697815
1352,ia2c,974160,-1,-593.3125,257.2507712101063
1353,ia2c,974880,-1,-600.6736111111111,275.15263516266725
1354,ia2c,975600,-1,-593.4208333333333,274.4305758381546
1355,ia2c,976320,-1,-591.1263888888889,276.7511956679258
1356,ia2c,977040,-1,-557.5277777777778,249.99237056259574
1357,ia2c,977760,-1,-658.6819444444444,287.4912418117139
1358,ia2c,978480,-1,-604.6930555555556,270.5672569017364
1359,ia2c,979200,-1,-560.6805555555555,260.8870991651417
1360,ia2c,979920,-1,-579.2888888888889,241.167351735698
1361,ia2c,980640,-1,-615.5763888888889,280.75876309320523
1362,ia2c,981360,-1,-594.3916666666667,271.5852218150563
1363,ia2c,982080,-1,-590.5652777777777,254.9874967848218
1364,ia2c,982800,-1,-619.0486111111111,276.17244838700145
1365,ia2c,983520,-1,-616.0486111111111,282.4064921414282
1366,ia2c,984240,-1,-601.8527777777778,262.02071163481963
1367,ia2c,984960,-1,-649.4569444444444,274.68360249485676
1368,ia2c,985680,-1,-594.7611111111111,257.8087278474509
1369,ia2c,986400,-1,-642.2555555555556,301.3507023427507
1370,ia2c,987120,-1,-610.2291666666666,276.11412995429384
1371,ia2c,987840,-1,-648.1680555555556,296.02196489749656
1372,ia2c,988560,-1,-570.2625,245.1800398219303
1373,ia2c,989280,-1,-597.7236111111112,256.86877864488594
1374,ia2c,990000,-1,-631.8208333333333,276.4732905712694
1375,ia2c,990720,-1,-628.8041666666667,294.4430462460251
1376,ia2c,991440,-1,-618.1013888888889,277.83082282061883
1377,ia2c,992160,-1,-558.6597222222222,245.66027137747807
1378,ia2c,992880,-1,-611.7833333333333,267.67399896557424
1379,ia2c,993600,-1,-625.8902777777778,291.5250902389222
1380,ia2c,994320,-1,-617.4930555555555,283.5623044541186
1381,ia2c,995040,-1,-630.2444444444444,279.0095502591309
1382,ia2c,995760,-1,-642.1166666666667,292.31699450729474
1383,ia2c,996480,-1,-575.6791666666667,245.67304064407548
1384,ia2c,997200,-1,-609.7680555555555,266.34979158909147
1385,ia2c,997920,-1,-594.6736111111111,263.10744609857664
1386,ia2c,998640,-1,-612.0013888888889,286.0060921034607
1387,ia2c,999360,-1,-596.0097222222222,256.43732430043656
1388,ia2c,1000080,-1,-653.9125,306.20279565342355
